timestamp,code,name,price,change_percent,volume,amount,bid_price,ask_price,bid_volume,ask_volume
2025-11-20T14:30:52.614009,300454.SZ,深信服,115.4,-1.7,37283,431216159.11,115.39,115.41,300,200
2025-11-20T14:30:55.785861,300454.SZ,深信服,115.43,-1.68,37288,431273868.11,115.39,115.42,300,100
2025-11-20T14:30:58.936545,300454.SZ,深信服,115.42,-1.69,37290,431296952.11,115.4,115.43,100,100
2025-11-20T14:31:02.085425,300454.SZ,深信服,115.43,-1.68,37291,431308495.11,115.4,115.46,300,1100
2025-11-20T14:31:05.253421,300454.SZ,深信服,115.43,-1.68,37291,431308495.11,115.42,115.46,200,1100
2025-11-20T14:31:08.409532,300454.SZ,深信服,115.34,-1.75,37310,431527693.11,115.32,115.34,400,300
2025-11-20T14:31:11.543954,300454.SZ,深信服,115.33,-1.76,37313,431562294.11,115.32,115.38,600,400
2025-11-20T14:31:14.685123,300454.SZ,深信服,115.32,-1.77,37316,431596890.11,115.32,115.36,300,100
2025-11-20T14:31:17.860001,300454.SZ,深信服,115.32,-1.77,37318,431619954.11,115.32,115.36,100,100
2025-11-20T14:31:21.003368,300454.SZ,深信服,115.31,-1.78,37330,431758377.11,115.3,115.37,500,400
2025-11-20T14:31:24.216593,300454.SZ,深信服,115.31,-1.78,37330,431758377.11,115.3,115.37,600,400
2025-11-20T14:31:27.343230,300454.SZ,深信服,115.3,-1.79,37331,431769907.11,115.3,115.32,500,100
2025-11-20T14:31:30.519973,300454.SZ,深信服,115.32,-1.77,37332,431781439.11,115.3,115.36,500,200
2025-11-20T14:31:33.659365,300454.SZ,深信服,115.3,-1.79,37335,431816029.11,115.3,115.35,200,100
2025-11-20T14:31:36.778806,300454.SZ,深信服,115.24,-1.84,37350,431988905.11,115.24,115.28,1800,200
2025-11-20T14:31:39.920264,300454.SZ,深信服,115.24,-1.84,37369,432207877.11,115.24,115.28,300,600
2025-11-20T14:31:43.073376,300454.SZ,深信服,115.23,-1.85,37380,432334645.11,115.23,115.27,100,300
2025-11-20T14:31:46.213917,300454.SZ,深信服,115.23,-1.85,37381,432346168.11,115.19,115.24,200,400
2025-11-20T14:31:49.379982,300454.SZ,深信服,115.24,-1.84,37385,432392264.11,115.2,115.23,100,100
2025-11-20T14:31:52.506309,300454.SZ,深信服,115.2,-1.87,37392,432472907.11,115.19,115.23,200,200
2025-11-20T14:31:55.633361,300454.SZ,深信服,115.19,-1.88,37397,432530514.11,115.17,115.24,200,600
2025-11-20T14:31:58.762358,300454.SZ,深信服,115.17,-1.9,37399,432553555.11,115.17,115.19,200,700
2025-11-20T14:32:01.901657,300454.SZ,深信服,115.17,-1.9,37401,432576589.11,115.17,115.19,100,700
2025-11-20T14:32:05.027568,300454.SZ,深信服,115.19,-1.88,37409,432668722.11,115.12,115.17,100,259
2025-11-20T14:32:08.168818,300454.SZ,深信服,115.17,-1.9,37414,432721580.14,115.17,115.19,441,500
2025-11-20T14:32:11.299086,300454.SZ,深信服,115.19,-1.88,37416,432744618.14,115.18,115.19,1400,300
2025-11-20T14:32:14.421202,300454.SZ,深信服,115.19,-1.88,37426,432859801.14,115.18,115.23,700,300
2025-11-20T14:32:17.543376,300454.SZ,深信服,115.23,-1.85,37428,432882847.14,115.18,115.23,700,100
2025-11-20T14:32:20.680656,300454.SZ,深信服,115.24,-1.84,37431,432917413.14,115.19,115.24,100,1200
2025-11-20T14:32:23.803854,300454.SZ,深信服,115.24,-1.84,37432,432928937.14,115.2,115.24,200,1100
2025-11-20T14:32:26.927009,300454.SZ,深信服,115.24,-1.84,37432,432928937.14,115.2,115.24,200,1100
2025-11-20T14:32:30.051625,300454.SZ,深信服,115.22,-1.86,37440,433021125.14,115.22,115.24,900,500
2025-11-20T14:32:33.180113,300454.SZ,深信服,115.22,-1.86,37459,433240079.14,115.25,115.27,200,200
2025-11-20T14:32:36.324074,300454.SZ,深信服,115.22,-1.86,37459,433240079.14,115.26,115.27,700,200
2025-11-20T14:32:39.467837,300454.SZ,深信服,115.3,-1.79,37462,433274663.14,115.28,115.37,100,100
2025-11-20T14:32:42.596447,300454.SZ,深信服,115.3,-1.79,37462,433274663.14,115.3,115.37,400,300
2025-11-20T14:32:45.729771,300454.SZ,深信服,115.37,-1.73,37463,433286200.14,115.3,115.37,400,200
2025-11-20T14:32:48.870100,300454.SZ,深信服,115.37,-1.73,37464,433297737.14,115.3,115.37,500,100
2025-11-20T14:32:52.001824,300454.SZ,深信服,115.37,-1.73,37466,433320811.14,115.37,115.38,400,300
2025-11-20T14:32:55.133608,300454.SZ,深信服,115.37,-1.73,37475,433424646.14,115.3,115.38,500,200
2025-11-20T14:32:58.281565,300454.SZ,深信服,115.4,-1.7,37478,433459262.14,115.3,115.39,500,200
2025-11-20T14:33:01.420851,300454.SZ,深信服,115.3,-1.79,37484,433528449.14,115.3,115.35,100,200
2025-11-20T14:33:04.539134,300454.SZ,深信服,115.3,-1.79,37488,433574567.14,115.28,115.3,200,500
2025-11-20T14:33:07.668587,300454.SZ,深信服,115.28,-1.81,37498,433689843.14,115.26,115.29,500,100
2025-11-20T14:33:10.827415,300454.SZ,深信服,115.2,-1.87,37519,433931848.14,115.19,115.24,200,300
2025-11-20T14:33:13.949508,300454.SZ,深信服,115.24,-1.84,37535,434116177.14,115.17,115.21,41,1000
2025-11-20T14:33:17.080925,300454.SZ,深信服,115.21,-1.87,37544,434219848.96,115.15,115.21,41,600
2025-11-20T14:33:20.214339,300454.SZ,深信服,115.19,-1.88,37550,434288972.96,115.15,115.19,41,100
2025-11-20T14:33:23.340347,300454.SZ,深信服,115.21,-1.87,37553,434323527.96,115.19,115.21,41,700
2025-11-20T14:33:26.465287,300454.SZ,深信服,115.11,-1.95,37554,434339761.75,115.1,115.19,800,700
2025-11-20T14:33:29.590762,300454.SZ,深信服,115.1,-1.96,37561,434420340.75,115.1,115.19,300,600
2025-11-20T14:33:32.721061,300454.SZ,深信服,115.1,-1.96,37564,434454888.75,115.1,115.19,200,500
2025-11-20T14:33:35.847926,300454.SZ,深信服,115.1,-1.96,37564,434454888.75,115.1,115.15,200,300
2025-11-20T14:33:38.975651,300454.SZ,深信服,115.15,-1.92,37565,434466403.75,115.1,115.15,200,300
2025-11-20T14:33:42.136302,300454.SZ,深信服,115.15,-1.92,37566,434477918.75,115.11,115.15,400,200
2025-11-20T14:33:45.263345,300454.SZ,深信服,115.1,-1.96,37581,434650591.75,115.11,115.2,300,300
2025-11-20T14:33:48.384341,300454.SZ,深信服,115.14,-1.93,37586,434708161.75,115.11,115.18,300,1000
2025-11-20T14:33:51.505980,300454.SZ,深信服,115.18,-1.89,37587,434719679.75,115.11,115.18,300,900
2025-11-20T14:33:54.634263,300454.SZ,深信服,115.18,-1.89,37592,434777247.75,115.1,115.18,100,800
2025-11-20T14:33:57.762012,300454.SZ,深信服,115.18,-1.89,37617,435065000.75,115.08,115.1,800,100
2025-11-20T14:34:00.890110,300454.SZ,深信服,115.1,-1.96,37618,435076510.75,115.11,115.13,500,400
2025-11-20T14:34:04.009433,300454.SZ,深信服,115.1,-1.96,37630,435214652.75,115.05,115.17,400,300
2025-11-20T14:34:07.135744,300454.SZ,深信服,115.05,-2.0,37646,435398762.75,115.02,115.05,300,300
2025-11-20T14:34:10.279427,300454.SZ,深信服,115.05,-2.0,37649,435433277.75,115.05,115.1,700,1500
2025-11-20T14:34:13.425806,300454.SZ,深信服,115.05,-2.0,37649,435433277.75,115.05,115.1,500,1500
2025-11-20T14:34:16.548760,300454.SZ,深信服,115.1,-1.96,37662,435582902.75,115.05,115.1,400,300
2025-11-20T14:34:19.734246,300454.SZ,深信服,115.1,-1.96,37674,435721029.75,115.1,115.18,300,400
2025-11-20T14:34:22.872983,300454.SZ,深信服,115.18,-1.89,37678,435767093.75,115.1,115.18,500,100
2025-11-20T14:34:25.994991,300454.SZ,深信服,115.12,-1.94,37684,435836183.75,115.17,115.18,100,100
2025-11-20T14:34:29.120771,300454.SZ,深信服,115.18,-1.89,37699,436008960.75,115.18,115.23,200,700
2025-11-20T14:34:32.277017,300454.SZ,深信服,115.23,-1.85,37703,436055052.75,115.18,115.23,600,300
2025-11-20T14:34:35.423303,300454.SZ,深信服,115.23,-1.85,37710,436135714.75,115.18,115.3,400,600
2025-11-20T14:34:38.574885,300454.SZ,深信服,115.18,-1.89,37715,436193324.75,115.18,115.27,100,200
2025-11-20T14:34:41.779202,300454.SZ,深信服,115.21,-1.87,37716,436204845.75,115.18,115.21,300,100
2025-11-20T14:34:44.901091,300454.SZ,深信服,115.18,-1.89,37719,436239399.75,115.17,115.18,100,800
2025-11-20T14:34:48.026934,300454.SZ,深信服,115.17,-1.9,37721,436262433.75,115.1,115.18,300,800
2025-11-20T14:34:51.164677,300454.SZ,深信服,115.17,-1.9,37721,436262433.75,115.1,115.18,500,800
2025-11-20T14:34:54.341724,300454.SZ,深信服,115.17,-1.9,37721,436262433.75,115.1,115.18,500,800
2025-11-20T14:34:57.459379,300454.SZ,深信服,115.17,-1.9,37721,436262433.75,115.1,115.18,500,800
2025-11-20T14:35:00.577066,300454.SZ,深信服,115.1,-1.96,37726,436319983.75,115.06,115.18,300,900
2025-11-20T14:35:03.697367,300454.SZ,深信服,115.18,-1.89,37727,436331501.75,115.06,115.18,300,800
2025-11-20T14:35:06.823366,300454.SZ,深信服,115.18,-1.89,37728,436343019.75,115.06,115.18,300,800
2025-11-20T14:35:09.947003,300454.SZ,深信服,115.18,-1.89,37730,436366055.75,115.06,115.18,400,700
2025-11-20T14:35:13.080228,300454.SZ,深信服,115.17,-1.9,37731,436377572.75,115.06,115.18,400,700
2025-11-20T14:35:16.207593,300454.SZ,深信服,115.17,-1.9,37731,436377572.75,115.06,115.18,400,700
2025-11-20T14:35:19.329095,300454.SZ,深信服,115.17,-1.9,37731,436377572.75,115.06,115.18,400,700
2025-11-20T14:35:22.508097,300454.SZ,深信服,115.18,-1.89,37735,436423643.75,115.07,115.18,200,400
2025-11-20T14:35:25.627175,300454.SZ,深信服,115.08,-1.98,37742,436504239.75,115.08,115.2,100,900
2025-11-20T14:35:28.751991,300454.SZ,深信服,115.18,-1.89,37750,436596367.75,115.08,115.18,200,100
2025-11-20T14:35:31.895016,300454.SZ,深信服,115.2,-1.87,37757,436676983.75,115.08,115.2,300,400
2025-11-20T14:35:35.012515,300454.SZ,深信服,115.08,-1.98,37760,436711531.75,115.08,115.18,300,2200
2025-11-20T14:35:38.132077,300454.SZ,深信服,115.18,-1.89,37764,436757603.75,115.09,115.18,100,1800
2025-11-20T14:35:41.260453,300454.SZ,深信服,115.17,-1.9,37769,436815192.75,115.1,115.17,600,100
2025-11-20T14:35:44.378845,300454.SZ,深信服,115.18,-1.89,37773,436861263.75,115.17,115.18,100,1100
2025-11-20T14:35:47.498632,300454.SZ,深信服,115.2,-1.87,37787,437022518.75,115.19,115.21,300,600
2025-11-20T14:35:50.629111,300454.SZ,深信服,115.18,-1.89,37796,437126186.75,115.19,115.2,100,100
2025-11-20T14:35:53.780255,300454.SZ,深信服,115.19,-1.88,37799,437160745.75,115.18,115.2,100,300
2025-11-20T14:35:56.900622,300454.SZ,深信服,115.2,-1.87,37806,437241384.75,115.2,115.21,400,500
2025-11-20T14:36:00.020311,300454.SZ,深信服,115.2,-1.87,37813,437322027.75,115.18,115.2,400,100
2025-11-20T14:36:03.178554,300454.SZ,深信服,115.2,-1.87,37816,437356585.75,115.18,115.21,300,200
2025-11-20T14:36:06.304190,300454.SZ,深信服,115.18,-1.89,37819,437391139.75,115.17,115.18,200,200
2025-11-20T14:36:09.422633,300454.SZ,深信服,115.18,-1.89,37820,437402657.75,115.17,115.18,200,100
2025-11-20T14:36:12.539971,300454.SZ,深信服,115.18,-1.89,37824,437448728.75,115.18,115.2,1300,100
2025-11-20T14:36:15.661684,300454.SZ,深信服,115.18,-1.89,37825,437460246.75,115.18,115.2,1200,100
2025-11-20T14:36:18.780571,300454.SZ,深信服,115.18,-1.89,37828,437494802.75,115.18,115.19,1000,100
2025-11-20T14:36:21.898548,300454.SZ,深信服,115.21,-1.87,37831,437529360.75,115.18,115.21,900,400
2025-11-20T14:36:25.024127,300454.SZ,深信服,115.21,-1.87,37832,437540881.75,115.18,115.21,900,300
2025-11-20T14:36:28.143438,300454.SZ,深信服,115.18,-1.89,37840,437633034.75,115.22,115.25,100,300
2025-11-20T14:36:31.264254,300454.SZ,深信服,115.21,-1.87,37847,437713703.75,115.25,115.28,100,100
2025-11-20T14:36:34.389385,300454.SZ,深信服,115.28,-1.81,37853,437782869.75,115.18,115.25,300,100
2025-11-20T14:36:37.531246,300454.SZ,深信服,115.32,-1.77,37863,437898152.75,115.18,115.31,200,100
2025-11-20T14:36:40.650394,300454.SZ,深信服,115.33,-1.76,37871,437990403.75,115.25,115.31,200,100
2025-11-20T14:36:43.779785,300454.SZ,深信服,115.18,-1.89,37876,438048032.75,115.18,115.32,100,200
2025-11-20T14:36:46.898678,300454.SZ,深信服,115.32,-1.77,37877,438059564.75,115.19,115.32,100,100
2025-11-20T14:36:50.036482,300454.SZ,深信服,115.33,-1.76,37884,438140291.75,115.19,115.31,300,300
2025-11-20T14:36:53.206557,300454.SZ,深信服,115.31,-1.78,37885,438151822.75,115.19,115.3,400,100
2025-11-20T14:36:56.357099,300454.SZ,深信服,115.31,-1.78,37885,438151822.75,115.19,115.3,600,100
2025-11-20T14:36:59.477322,300454.SZ,深信服,115.31,-1.78,37885,438151822.75,115.19,115.3,600,200
2025-11-20T14:37:02.604306,300454.SZ,深信服,115.3,-1.79,37886,438163352.75,115.19,115.3,600,1600
2025-11-20T14:37:05.739009,300454.SZ,深信服,115.19,-1.88,37887,438174871.75,115.19,115.3,500,1600
2025-11-20T14:37:08.861952,300454.SZ,深信服,115.18,-1.89,37894,438255503.75,115.18,115.19,200,800
2025-11-20T14:37:11.992266,300454.SZ,深信服,115.19,-1.88,37900,438324613.75,115.13,115.19,200,500
2025-11-20T14:37:15.123223,300454.SZ,深信服,115.19,-1.88,37901,438336132.75,115.14,115.19,100,400
2025-11-20T14:37:18.255974,300454.SZ,深信服,115.19,-1.88,37901,438336132.75,115.14,115.19,100,400
2025-11-20T14:37:21.378831,300454.SZ,深信服,115.19,-1.88,37905,438382208.75,115.15,115.21,100,100
2025-11-20T14:37:24.531349,300454.SZ,深信服,115.21,-1.87,37906,438393729.75,115.15,115.22,100,400
2025-11-20T14:37:27.653342,300454.SZ,深信服,115.22,-1.86,37910,438439817.75,115.15,115.28,100,200
2025-11-20T14:37:30.771938,300454.SZ,深信服,115.28,-1.81,37913,438474381.75,115.15,115.28,200,200
2025-11-20T14:37:33.896305,300454.SZ,深信服,115.3,-1.79,37919,438543544.75,115.21,115.3,100,4400
2025-11-20T14:37:37.030800,300454.SZ,深信服,115.22,-1.86,37920,438555066.75,115.22,115.29,300,100
2025-11-20T14:37:40.152031,300454.SZ,深信服,115.23,-1.85,37927,438635761.75,115.21,115.28,100,200
2025-11-20T14:37:43.279853,300454.SZ,深信服,115.28,-1.81,37933,438704924.75,115.18,115.28,300,200
2025-11-20T14:37:46.406925,300454.SZ,深信服,115.28,-1.81,37934,438716452.75,115.2,115.28,100,100
2025-11-20T14:37:49.526849,300454.SZ,深信服,115.28,-1.81,37935,438727980.75,115.2,115.3,100,4100
2025-11-20T14:37:52.659283,300454.SZ,深信服,115.3,-1.79,37937,438751040.75,115.2,115.3,100,3900
2025-11-20T14:37:55.778955,300454.SZ,深信服,115.3,-1.79,37937,438751040.75,115.2,115.3,100,3900
2025-11-20T14:37:58.898943,300454.SZ,深信服,115.3,-1.79,37943,438820220.75,115.2,115.3,200,3300
2025-11-20T14:38:02.016786,300454.SZ,深信服,115.3,-1.79,37943,438820220.75,115.2,115.3,200,3300
2025-11-20T14:38:05.136752,300454.SZ,深信服,115.2,-1.87,37946,438854800.75,115.2,115.3,100,3400
2025-11-20T14:38:08.261281,300454.SZ,深信服,115.2,-1.87,37964,439062146.75,115.16,115.28,200,400
2025-11-20T14:38:11.381949,300454.SZ,深信服,115.28,-1.81,37969,439119786.75,115.16,115.28,200,100
2025-11-20T14:38:14.517839,300454.SZ,深信服,115.16,-1.91,37971,439142818.75,115.14,115.2,100,6400
2025-11-20T14:38:17.635326,300454.SZ,深信服,115.2,-1.87,37980,439246465.75,115.1,115.19,300,100
2025-11-20T14:38:20.751665,300454.SZ,深信服,115.2,-1.87,37983,439281024.75,115.1,115.2,300,6100
2025-11-20T14:38:23.891674,300454.SZ,深信服,115.2,-1.87,37991,439373184.75,115.11,115.2,700,5300
2025-11-20T14:38:27.038850,300454.SZ,深信服,115.2,-1.87,37991,439373184.75,115.12,115.2,100,5300
2025-11-20T14:38:30.155454,300454.SZ,深信服,115.2,-1.87,37991,439373184.75,115.12,115.2,100,5300
2025-11-20T14:38:33.274693,300454.SZ,深信服,115.13,-1.93,37997,439442264.75,115.11,115.2,800,5200
2025-11-20T14:38:36.391702,300454.SZ,深信服,115.11,-1.95,37998,439453775.75,115.11,115.2,700,5200
2025-11-20T14:38:39.517727,300454.SZ,深信服,115.11,-1.95,38002,439499846.75,115.11,115.2,600,5000
2025-11-20T14:38:42.650637,300454.SZ,深信服,115.2,-1.87,38004,439522886.75,115.11,115.2,600,4800
2025-11-20T14:38:45.767790,300454.SZ,深信服,115.2,-1.87,38004,439522886.75,115.11,115.2,600,4800
2025-11-20T14:38:48.887980,300454.SZ,深信服,115.2,-1.87,38004,439522886.75,115.12,115.16,100,300
2025-11-20T14:38:52.028978,300454.SZ,深信服,115.2,-1.87,38004,439522886.75,115.12,115.15,100,100
2025-11-20T14:38:55.143380,300454.SZ,深信服,115.16,-1.91,38010,439591981.75,115.17,115.19,300,300
2025-11-20T14:38:58.264375,300454.SZ,深信服,115.19,-1.88,38029,439810848.75,115.16,115.2,300,3700
2025-11-20T14:39:01.381685,300454.SZ,深信服,115.23,-1.85,38069,440271657.75,115.23,115.28,1500,100
2025-11-20T14:39:04.518509,300454.SZ,深信服,115.29,-1.8,38104,440675202.75,115.28,115.3,1100,100
2025-11-20T14:39:07.637032,300454.SZ,深信服,115.3,-1.79,38109,440732854.75,115.31,115.36,200,300
2025-11-20T14:39:10.753602,300454.SZ,深信服,115.32,-1.77,38132,440998210.75,115.31,115.39,200,1200
2025-11-20T14:39:13.874123,300454.SZ,深信服,115.39,-1.71,38134,441021288.75,115.31,115.39,200,1000
2025-11-20T14:39:16.987544,300454.SZ,深信服,115.31,-1.78,38139,441078975.75,115.31,115.39,200,200
2025-11-20T14:39:20.127760,300454.SZ,深信服,115.4,-1.7,38150,441205913.75,115.34,115.39,300,100
2025-11-20T14:39:23.248048,300454.SZ,深信服,115.39,-1.71,38152,441228986.75,115.34,115.4,400,32600
2025-11-20T14:39:26.387461,300454.SZ,深信服,115.4,-1.7,38159,441309766.75,115.35,115.4,900,31900
2025-11-20T14:39:29.521418,300454.SZ,深信服,115.38,-1.72,38166,441390536.75,115.36,115.39,400,1500
2025-11-20T14:39:32.640438,300454.SZ,深信服,115.39,-1.71,38172,441459770.75,115.36,115.38,400,200
2025-11-20T14:39:35.769206,300454.SZ,深信服,115.39,-1.71,38178,441529002.75,115.36,115.39,400,400
2025-11-20T14:39:38.891055,300454.SZ,深信服,115.36,-1.74,38182,441575146.75,115.35,115.39,1000,1055
2025-11-20T14:39:42.021280,300454.SZ,深信服,115.39,-1.71,38184,441598220.75,115.37,115.39,200,955
2025-11-20T14:39:45.158380,300454.SZ,深信服,115.39,-1.71,38184,441598220.75,115.37,115.39,600,955
2025-11-20T14:39:48.278652,300454.SZ,深信服,115.39,-1.71,38185,441609759.75,115.37,115.39,600,955
2025-11-20T14:39:51.401944,300454.SZ,深信服,115.37,-1.73,38190,441667448.75,115.37,115.39,300,755
2025-11-20T14:39:54.547136,300454.SZ,深信服,115.39,-1.71,38194,441713604.75,115.37,115.39,300,355
2025-11-20T14:39:57.664288,300454.SZ,深信服,115.39,-1.71,38194,441713604.75,115.37,115.39,300,855
2025-11-20T14:40:00.793602,300454.SZ,深信服,115.39,-1.71,38194,441713604.75,115.37,115.39,300,855
2025-11-20T14:40:03.916710,300454.SZ,深信服,115.39,-1.71,38196,441736680.75,115.38,115.39,500,755
2025-11-20T14:40:07.039375,300454.SZ,深信服,115.39,-1.71,38204,441823800.2,115.39,115.4,45,31000
2025-11-20T14:40:10.182845,300454.SZ,深信服,115.38,-1.72,38207,441858415.65,115.38,115.4,345,31000
2025-11-20T14:40:13.299542,300454.SZ,深信服,115.46,-1.65,38550,445816736.65,115.45,115.5,100,1100
2025-11-20T14:40:16.420918,300454.SZ,深信服,115.55,-1.58,38564,445978449.65,115.47,115.58,400,1700
2025-11-20T14:40:19.565358,300454.SZ,深信服,115.47,-1.64,38567,446013090.65,115.49,115.57,1100,200
2025-11-20T14:40:22.689411,300454.SZ,深信服,115.57,-1.56,38570,446047756.65,115.53,115.58,1400,1700
2025-11-20T14:40:25.810646,300454.SZ,深信服,115.6,-1.53,38595,446336707.65,115.58,115.62,200,700
2025-11-20T14:40:28.931527,300454.SZ,深信服,115.62,-1.52,38602,446417641.65,115.61,115.63,1400,400
2025-11-20T14:40:32.054051,300454.SZ,深信服,115.65,-1.49,38608,446487023.65,115.66,115.68,1200,400
2025-11-20T14:40:35.173496,300454.SZ,深信服,115.68,-1.47,38617,446591143.65,115.68,115.7,1300,100
2025-11-20T14:40:38.290640,300454.SZ,深信服,115.73,-1.42,38621,446637427.65,115.71,115.8,800,2000
2025-11-20T14:40:41.412845,300454.SZ,深信服,115.8,-1.36,38635,446799538.65,115.71,115.8,1200,800
2025-11-20T14:40:44.546394,300454.SZ,深信服,115.8,-1.36,38645,446915337.65,115.8,115.81,100,200
2025-11-20T14:40:47.715696,300454.SZ,深信服,115.8,-1.36,38651,446984817.65,115.72,115.8,200,300
2025-11-20T14:40:50.833725,300454.SZ,深信服,115.72,-1.43,38668,447181656.65,115.74,115.77,200,100
2025-11-20T14:40:53.951360,300454.SZ,深信服,115.73,-1.42,38672,447227950.65,115.73,115.77,100,900
2025-11-20T14:40:57.145410,300454.SZ,深信服,115.73,-1.42,38672,447227950.65,115.73,115.74,300,300
2025-11-20T14:41:00.267636,300454.SZ,深信服,115.73,-1.42,38685,447378400.65,115.72,115.73,100,400
2025-11-20T14:41:03.403552,300454.SZ,深信服,115.73,-1.42,38696,447505703.65,115.75,115.77,500,1200
2025-11-20T14:41:06.523067,300454.SZ,深信服,115.77,-1.39,38708,447644627.65,115.76,115.8,300,400
2025-11-20T14:41:09.648332,300454.SZ,深信服,115.77,-1.39,38726,447853075.65,115.77,115.84,100,100
2025-11-20T14:41:12.768091,300454.SZ,深信服,115.78,-1.38,38727,447864653.65,115.78,115.83,100,1100
2025-11-20T14:41:15.903236,300454.SZ,深信服,115.85,-1.32,38740,448015235.65,115.85,115.87,1200,100
2025-11-20T14:41:19.021536,300454.SZ,深信服,115.87,-1.3,38743,448049992.65,115.85,115.88,1600,200
2025-11-20T14:41:22.141410,300454.SZ,深信服,115.87,-1.3,38743,448049992.65,115.86,115.88,700,200
2025-11-20T14:41:25.319723,300454.SZ,深信服,115.86,-1.31,38753,448165857.65,115.85,115.88,1400,200
2025-11-20T14:41:28.437434,300454.SZ,深信服,115.79,-1.37,38769,448351209.65,115.79,115.85,200,200
2025-11-20T14:41:31.561582,300454.SZ,深信服,115.79,-1.37,38780,448478646.65,115.77,115.82,300,100
2025-11-20T14:41:34.679807,300454.SZ,深信服,115.75,-1.41,38789,448582831.65,115.75,115.81,600,100
2025-11-20T14:41:37.799640,300454.SZ,深信服,115.75,-1.41,38793,448629131.65,115.76,115.81,100,600
2025-11-20T14:41:40.937456,300454.SZ,深信服,115.73,-1.42,38797,448675430.65,115.73,115.79,300,200
2025-11-20T14:41:44.054733,300454.SZ,深信服,115.82,-1.35,38811,448837543.65,115.73,115.8,100,100
2025-11-20T14:41:47.174979,300454.SZ,深信服,115.8,-1.36,38814,448872276.65,115.72,115.83,100,300
2025-11-20T14:41:50.290198,300454.SZ,深信服,115.8,-1.36,38814,448872276.65,115.72,115.82,100,100
2025-11-20T14:41:53.408110,300454.SZ,深信服,115.82,-1.35,38815,448883858.65,115.72,115.77,100,100
2025-11-20T14:41:56.557623,300454.SZ,深信服,115.72,-1.43,38830,449057476.65,115.71,115.72,300,100
2025-11-20T14:41:59.717515,300454.SZ,深信服,115.8,-1.36,38841,449184821.65,115.72,115.8,400,700
2025-11-20T14:42:02.837077,300454.SZ,深信服,115.8,-1.36,38847,449254301.65,115.72,115.8,500,100
2025-11-20T14:42:05.957291,300454.SZ,深信服,115.8,-1.36,38852,449312177.65,115.72,115.8,300,1400
2025-11-20T14:42:09.078289,300454.SZ,深信服,115.72,-1.43,38886,449705626.65,115.7,115.79,100,100
2025-11-20T14:42:12.193367,300454.SZ,深信服,115.79,-1.37,38887,449717205.65,115.72,115.8,100,600
2025-11-20T14:42:15.319922,300454.SZ,深信服,115.71,-1.44,38891,449763506.65,115.72,115.78,100,100
2025-11-20T14:42:18.439410,300454.SZ,深信服,115.72,-1.43,38893,449786650.65,115.71,115.74,100,100
2025-11-20T14:42:21.561901,300454.SZ,深信服,115.72,-1.43,38893,449786650.65,115.71,115.74,100,100
2025-11-20T14:42:24.687289,300454.SZ,深信服,115.72,-1.43,38893,449786650.65,115.72,115.74,100,100
2025-11-20T14:42:27.819523,300454.SZ,深信服,115.71,-1.44,38895,449809793.65,115.7,115.72,200,100
2025-11-20T14:42:30.977627,300454.SZ,深信服,115.7,-1.45,38898,449844503.65,115.67,115.71,300,100
2025-11-20T14:42:34.097513,300454.SZ,深信服,115.7,-1.45,38900,449867643.65,115.67,115.7,400,2200
2025-11-20T14:42:37.218383,300454.SZ,深信服,115.7,-1.45,38916,450052745.65,115.66,115.7,400,2200
2025-11-20T14:42:40.341864,300454.SZ,深信服,115.71,-1.44,38942,450353566.65,115.7,115.72,400,300
2025-11-20T14:42:43.468630,300454.SZ,深信服,115.72,-1.43,38943,450365138.65,115.7,115.72,400,200
2025-11-20T14:42:46.587285,300454.SZ,深信服,115.73,-1.42,38948,450423001.65,115.7,115.78,400,400
2025-11-20T14:42:49.702230,300454.SZ,深信服,115.79,-1.37,38954,450492462.65,115.7,115.79,600,500
2025-11-20T14:42:52.821373,300454.SZ,深信服,115.7,-1.45,38964,450608207.65,115.7,115.8,300,500
2025-11-20T14:42:55.937140,300454.SZ,深信服,115.7,-1.45,38967,450642928.65,115.7,115.79,200,100
2025-11-20T14:42:59.069603,300454.SZ,深信服,115.7,-1.45,38968,450654498.65,115.7,115.78,200,100
2025-11-20T14:43:02.193047,300454.SZ,深信服,115.7,-1.45,38968,450654498.65,115.7,115.77,200,300
2025-11-20T14:43:05.315277,300454.SZ,深信服,115.78,-1.38,38973,450712377.65,115.7,115.78,200,500
2025-11-20T14:43:08.437380,300454.SZ,深信服,115.8,-1.36,38979,450781842.65,115.78,115.8,100,400
2025-11-20T14:43:11.554751,300454.SZ,深信服,115.8,-1.36,38981,450805002.65,115.78,115.8,100,200
2025-11-20T14:43:14.700072,300454.SZ,深信服,115.8,-1.36,38998,451001883.65,115.78,115.83,100,100
2025-11-20T14:43:17.833049,300454.SZ,深信服,115.78,-1.38,39001,451036617.65,115.78,115.83,100,100
2025-11-20T14:43:20.950140,300454.SZ,深信服,115.76,-1.4,39007,451106083.65,115.75,115.8,100,100
2025-11-20T14:43:24.068471,300454.SZ,深信服,115.75,-1.41,39010,451140808.65,115.74,115.77,400,200
2025-11-20T14:43:27.253996,300454.SZ,深信服,115.72,-1.43,39021,451268090.65,115.69,115.72,400,100
2025-11-20T14:43:30.375257,300454.SZ,深信服,115.69,-1.46,39026,451325935.65,115.62,115.71,300,100
2025-11-20T14:43:33.507029,300454.SZ,深信服,115.71,-1.44,39027,451337506.65,115.71,115.72,100,200
2025-11-20T14:43:36.629423,300454.SZ,深信服,115.72,-1.43,39028,451349078.65,115.71,115.72,100,100
2025-11-20T14:43:39.746795,300454.SZ,深信服,115.71,-1.44,39062,451742492.65,115.7,115.72,1400,100
2025-11-20T14:43:42.874084,300454.SZ,深信服,115.73,-1.42,39073,451869811.65,115.72,115.75,500,200
2025-11-20T14:43:46.004220,300454.SZ,深信服,115.75,-1.41,39075,451892961.65,115.73,115.77,200,100
2025-11-20T14:43:49.147439,300454.SZ,深信服,115.75,-1.41,39091,452078127.65,115.77,115.85,100,200
2025-11-20T14:43:52.270709,300454.SZ,深信服,115.73,-1.42,39115,452355885.65,115.78,115.85,100,200
2025-11-20T14:43:55.392705,300454.SZ,深信服,115.79,-1.37,39122,452436965.65,115.78,115.87,300,600
2025-11-20T14:43:58.524495,300454.SZ,深信服,115.88,-1.29,39183,453143638.65,115.79,115.88,200,3600
2025-11-20T14:44:01.662332,300454.SZ,深信服,115.88,-1.29,39229,453676676.65,115.82,115.89,600,100
2025-11-20T14:44:04.796929,300454.SZ,深信服,115.9,-1.28,39234,453734625.65,115.83,115.9,300,500
2025-11-20T14:44:07.916594,300454.SZ,深信服,115.89,-1.29,39237,453769392.65,115.83,115.89,300,100
2025-11-20T14:44:11.054254,300454.SZ,深信服,115.89,-1.29,39237,453769392.65,115.83,115.89,300,100
2025-11-20T14:44:14.206361,300454.SZ,深信服,115.77,-1.39,39260,454035800.65,115.75,115.82,200,600
2025-11-20T14:44:17.325495,300454.SZ,深信服,115.75,-1.41,39310,454614888.65,115.7,115.75,1100,200
2025-11-20T14:44:20.452766,300454.SZ,深信服,115.7,-1.45,39405,455714987.65,115.7,115.88,600,300
2025-11-20T14:44:23.583936,300454.SZ,深信服,115.75,-1.41,39406,455726562.65,115.75,115.87,200,700
2025-11-20T14:44:26.710752,300454.SZ,深信服,115.75,-1.41,39410,455772886.65,115.7,115.87,700,500
2025-11-20T14:44:29.851554,300454.SZ,深信服,115.86,-1.31,39413,455807617.65,115.7,115.86,1200,300
2025-11-20T14:44:32.979412,300454.SZ,深信服,115.7,-1.45,39423,455923317.65,115.7,115.84,200,300
2025-11-20T14:44:36.098536,300454.SZ,深信服,115.69,-1.46,39427,455969596.65,115.69,115.83,100,500
2025-11-20T14:44:39.252011,300454.SZ,深信服,115.82,-1.35,39428,455981178.65,115.7,115.82,400,300
2025-11-20T14:44:42.371313,300454.SZ,深信服,115.76,-1.4,39429,455992754.65,115.76,115.81,400,100
2025-11-20T14:44:45.489953,300454.SZ,深信服,115.8,-1.36,39431,456015914.65,115.76,115.81,400,100
2025-11-20T14:44:48.607664,300454.SZ,深信服,115.76,-1.4,39434,456050647.65,115.76,115.81,200,100
2025-11-20T14:44:51.736104,300454.SZ,深信服,115.76,-1.4,39443,456154836.65,115.7,115.81,400,100
2025-11-20T14:44:54.854079,300454.SZ,深信服,115.76,-1.4,39443,456154836.65,115.7,115.81,400,600
2025-11-20T14:44:57.990286,300454.SZ,深信服,115.7,-1.45,39444,456166406.65,115.7,115.8,300,1200
2025-11-20T14:45:01.118523,300454.SZ,深信服,115.8,-1.36,39455,456293786.65,115.7,115.78,1300,1000
2025-11-20T14:45:04.244980,300454.SZ,深信服,115.7,-1.45,39475,456525239.65,115.69,115.77,100,500
2025-11-20T14:45:07.370664,300454.SZ,深信服,115.76,-1.4,39483,456617848.65,115.69,115.78,100,800
2025-11-20T14:45:10.499553,300454.SZ,深信服,115.79,-1.37,39494,456745189.65,115.66,115.77,200,100
2025-11-20T14:45:13.621872,300454.SZ,深信服,115.77,-1.39,39498,456791463.65,115.65,115.79,200,300
2025-11-20T14:45:16.741115,300454.SZ,深信服,115.63,-1.51,39502,456837719.65,115.63,115.7,100,1000
2025-11-20T14:45:19.893585,300454.SZ,深信服,115.68,-1.47,39503,456849287.65,115.63,115.64,100,200
2025-11-20T14:45:23.024073,300454.SZ,深信服,115.62,-1.52,39508,456907102.65,115.53,115.65,300,100
2025-11-20T14:45:26.149765,300454.SZ,深信服,115.66,-1.48,39525,457103630.65,115.66,115.7,100,1700
2025-11-20T14:45:29.295241,300454.SZ,深信服,115.66,-1.48,39525,457103630.65,115.66,115.7,100,1700
2025-11-20T14:45:32.415934,300454.SZ,深信服,115.7,-1.45,39530,457161468.65,115.65,115.7,100,1600
2025-11-20T14:45:35.549779,300454.SZ,深信服,115.7,-1.45,39552,457415999.65,115.68,115.7,200,400
2025-11-20T14:45:38.674775,300454.SZ,深信服,115.7,-1.45,39553,457427569.65,115.69,115.7,100,300
2025-11-20T14:45:41.801421,300454.SZ,深信服,115.69,-1.46,39561,457520133.65,115.69,115.7,100,300
2025-11-20T14:45:44.925121,300454.SZ,深信服,115.69,-1.46,39562,457531702.65,115.68,115.69,600,200
2025-11-20T14:45:48.051642,300454.SZ,深信服,115.68,-1.47,39565,457566407.65,115.68,115.69,600,500
2025-11-20T14:45:51.175232,300454.SZ,深信服,115.67,-1.47,39572,457647382.65,115.67,115.68,400,1600
2025-11-20T14:45:54.297754,300454.SZ,深信服,115.66,-1.48,39577,457705216.65,115.66,115.67,300,1500
2025-11-20T14:45:57.420869,300454.SZ,深信服,115.66,-1.48,39580,457739914.65,115.66,115.67,100,1800
2025-11-20T14:46:00.539592,300454.SZ,深信服,115.66,-1.48,39604,458017498.65,115.6,115.67,300,1300
2025-11-20T14:46:03.704108,300454.SZ,深信服,115.66,-1.48,39604,458017498.65,115.61,115.66,100,100
2025-11-20T14:46:06.822270,300454.SZ,深信服,115.59,-1.54,39610,458086857.65,115.58,115.59,800,300
2025-11-20T14:46:09.956801,300454.SZ,深信服,115.53,-1.59,39645,458491290.65,115.41,115.53,200,400
2025-11-20T14:46:13.074320,300454.SZ,深信服,115.49,-1.63,39650,458549020.65,115.43,115.49,300,100
2025-11-20T14:46:16.193806,300454.SZ,深信服,115.42,-1.69,39654,458595196.65,115.41,115.58,200,2000
2025-11-20T14:46:19.308682,300454.SZ,深信服,115.44,-1.67,39744,459634082.65,115.45,115.58,200,2100
2025-11-20T14:46:22.449189,300454.SZ,深信服,115.45,-1.66,39758,459795868.65,115.45,115.57,200,600
2025-11-20T14:46:25.591639,300454.SZ,深信服,115.57,-1.56,39765,459876762.65,115.46,115.57,100,500
2025-11-20T14:46:28.711111,300454.SZ,深信服,115.45,-1.66,39777,460015386.65,115.43,115.56,500,600
2025-11-20T14:46:31.835256,300454.SZ,深信服,115.56,-1.57,39795,460223364.65,115.43,115.56,500,2000
2025-11-20T14:46:34.956428,300454.SZ,深信服,115.56,-1.57,39824,460558475.65,115.43,115.55,400,700
2025-11-20T14:46:38.078944,300454.SZ,深信服,115.56,-1.57,39824,460558475.65,115.43,115.53,400,400
2025-11-20T14:46:41.215032,300454.SZ,深信服,115.55,-1.58,39844,460789397.65,115.41,115.53,400,100
2025-11-20T14:46:44.331480,300454.SZ,深信服,115.53,-1.59,39850,460858681.65,115.45,115.55,400,700
2025-11-20T14:46:47.456283,300454.SZ,深信服,115.53,-1.59,39870,461089780.65,115.53,115.55,100,100
2025-11-20T14:46:50.578893,300454.SZ,深信服,115.55,-1.58,39878,461182221.65,115.55,115.56,500,100
2025-11-20T14:46:53.696428,300454.SZ,深信服,115.59,-1.54,39896,461390248.65,115.53,115.59,200,100
2025-11-20T14:46:56.816297,300454.SZ,深信服,115.6,-1.53,39910,461552056.65,115.6,115.61,200,100
2025-11-20T14:46:59.942768,300454.SZ,深信服,115.67,-1.47,39933,461818052.65,115.6,115.67,300,100
2025-11-20T14:47:03.065496,300454.SZ,深信服,115.6,-1.53,39934,461829612.65,115.61,115.67,400,200
2025-11-20T14:47:06.190484,300454.SZ,深信服,115.66,-1.48,39953,462049243.65,115.53,115.64,100,400
2025-11-20T14:47:09.312284,300454.SZ,深信服,115.45,-1.66,39960,462130146.65,115.44,115.6,100,200
2025-11-20T14:47:12.434013,300454.SZ,深信服,115.45,-1.66,39960,462130146.65,115.45,115.52,200,100
2025-11-20T14:47:15.556300,300454.SZ,深信服,115.53,-1.59,39971,462257219.65,115.45,115.53,100,1100
2025-11-20T14:47:18.675126,300454.SZ,深信服,115.45,-1.66,39980,462361188.65,115.41,115.53,200,300
2025-11-20T14:47:21.811863,300454.SZ,深信服,115.6,-1.53,39999,462580789.65,115.43,115.6,1200,700
2025-11-20T14:47:24.936138,300454.SZ,深信服,115.6,-1.53,39999,462580789.65,115.43,115.6,1300,700
2025-11-20T14:47:28.057296,300454.SZ,深信服,115.43,-1.68,40002,462615418.65,115.43,115.59,1000,100
2025-11-20T14:47:31.197834,300454.SZ,深信服,115.43,-1.68,40003,462626961.65,115.42,115.57,100,100
2025-11-20T14:47:34.338534,300454.SZ,深信服,115.44,-1.67,40006,462661606.65,115.44,115.56,400,200
2025-11-20T14:47:37.465699,300454.SZ,深信服,115.44,-1.67,40006,462661606.65,115.44,115.55,600,200
2025-11-20T14:47:40.581909,300454.SZ,深信服,115.44,-1.67,40006,462661606.65,115.44,115.54,600,200
2025-11-20T14:47:43.697299,300454.SZ,深信服,115.44,-1.67,40014,462753977.65,115.42,115.44,100,100
2025-11-20T14:47:46.820572,300454.SZ,深信服,115.44,-1.67,40015,462765521.65,115.41,115.42,200,200
2025-11-20T14:47:49.940717,300454.SZ,深信服,115.41,-1.7,40018,462800145.65,115.4,115.42,200,200
2025-11-20T14:47:53.067720,300454.SZ,深信服,115.39,-1.71,40024,462869385.65,115.36,115.4,200,1200
2025-11-20T14:47:56.187877,300454.SZ,深信服,115.4,-1.7,40035,462996309.65,115.27,115.4,200,1400
2025-11-20T14:47:59.334469,300454.SZ,深信服,115.4,-1.7,40043,463088629.65,115.28,115.4,300,1300
2025-11-20T14:48:02.455825,300454.SZ,深信服,115.39,-1.71,40066,463354023.65,115.31,115.45,1200,600
2025-11-20T14:48:05.580404,300454.SZ,深信服,115.39,-1.71,40072,463423239.65,115.39,115.45,100,500
2025-11-20T14:48:08.696465,300454.SZ,深信服,115.35,-1.75,40083,463550255.65,115.35,115.56,1100,700
2025-11-20T14:48:11.816366,300454.SZ,深信服,115.56,-1.57,40090,463631081.65,115.35,115.39,100,500
2025-11-20T14:48:14.937964,300454.SZ,深信服,115.35,-1.75,40094,463677224.65,115.35,115.37,100,100
2025-11-20T14:48:18.055549,300454.SZ,深信服,115.35,-1.75,40098,463723364.65,115.33,115.35,100,700
2025-11-20T14:48:21.174730,300454.SZ,深信服,115.35,-1.75,40106,463815644.65,115.32,115.37,200,100
2025-11-20T14:48:24.293621,300454.SZ,深信服,115.35,-1.75,40109,463850249.65,115.32,115.35,200,300
2025-11-20T14:48:27.410711,300454.SZ,深信服,115.35,-1.75,40111,463873319.65,115.34,115.35,100,200
2025-11-20T14:48:30.579369,300454.SZ,深信服,115.35,-1.75,40115,463919455.65,115.32,115.35,200,100
2025-11-20T14:48:33.748383,300454.SZ,深信服,115.35,-1.75,40116,463930990.65,115.32,115.34,200,300
2025-11-20T14:48:36.869628,300454.SZ,深信服,115.29,-1.8,40121,463988643.65,115.29,115.32,100,200
2025-11-20T14:48:39.998746,300454.SZ,深信服,115.29,-1.8,40122,464000172.65,115.28,115.29,500,100
2025-11-20T14:48:43.130416,300454.SZ,深信服,115.29,-1.8,40123,464011701.65,115.28,115.31,500,100
2025-11-20T14:48:46.264085,300454.SZ,深信服,115.28,-1.81,40126,464046285.65,115.28,115.31,200,100
2025-11-20T14:48:49.394884,300454.SZ,深信服,115.28,-1.81,40130,464092404.65,115.27,115.32,400,100
2025-11-20T14:48:52.516560,300454.SZ,深信服,115.27,-1.81,40136,464161583.65,115.23,115.34,100,1000
2025-11-20T14:48:55.640517,300454.SZ,深信服,115.28,-1.81,40153,464357575.65,115.24,115.28,100,600
2025-11-20T14:48:58.756135,300454.SZ,深信服,115.31,-1.78,40167,464518988.65,115.25,115.27,100,100
2025-11-20T14:49:01.876674,300454.SZ,深信服,115.31,-1.78,40170,464553577.65,115.25,115.31,100,200
2025-11-20T14:49:05.024676,300454.SZ,深信服,115.32,-1.77,40193,464818776.65,115.21,115.3,300,500
2025-11-20T14:49:08.139746,300454.SZ,深信服,115.32,-1.77,40203,464934081.65,115.25,115.34,200,400
2025-11-20T14:49:11.287988,300454.SZ,深信服,115.34,-1.75,40205,464957140.65,115.25,115.34,100,300
2025-11-20T14:49:14.414996,300454.SZ,深信服,115.34,-1.75,40206,464968674.65,115.26,115.34,200,200
2025-11-20T14:49:17.537916,300454.SZ,深信服,115.34,-1.75,40210,465014794.65,115.26,115.34,200,100
2025-11-20T14:49:20.696949,300454.SZ,深信服,115.34,-1.75,40214,465060932.65,115.31,115.34,200,200
2025-11-20T14:49:23.841841,300454.SZ,深信服,115.36,-1.74,40217,465095536.65,115.31,115.36,200,300
2025-11-20T14:49:26.964852,300454.SZ,深信服,115.31,-1.78,40221,465141670.65,115.27,115.31,200,800
2025-11-20T14:49:30.092277,300454.SZ,深信服,115.28,-1.81,40232,465268516.65,115.28,115.37,100,100
2025-11-20T14:49:33.214483,300454.SZ,深信服,115.28,-1.81,40276,465775762.65,115.27,115.28,200,4000
2025-11-20T14:49:36.338828,300454.SZ,深信服,115.28,-1.81,40316,466236882.65,115.28,115.37,500,100
2025-11-20T14:49:39.464893,300454.SZ,深信服,115.38,-1.72,40322,466306099.65,115.28,115.38,400,100
2025-11-20T14:49:42.616065,300454.SZ,深信服,115.42,-1.69,40324,466329179.65,115.28,115.41,400,1100
2025-11-20T14:49:45.728682,300454.SZ,深信服,115.41,-1.7,40333,466433048.65,115.28,115.41,1000,200
2025-11-20T14:49:48.864906,300454.SZ,深信服,115.4,-1.7,40335,466456129.65,115.28,115.4,1100,400
2025-11-20T14:49:51.991469,300454.SZ,深信服,115.41,-1.7,40342,466536911.65,115.28,115.4,1100,300
2025-11-20T14:49:55.115557,300454.SZ,深信服,115.41,-1.7,40349,466617696.65,115.3,115.4,300,100
2025-11-20T14:49:58.236963,300454.SZ,深信服,115.41,-1.7,40351,466640777.65,115.3,115.4,300,400
2025-11-20T14:50:01.390274,300454.SZ,深信服,115.4,-1.7,40353,466663847.65,115.3,115.4,200,600
2025-11-20T14:50:04.555275,300454.SZ,深信服,115.42,-1.69,40363,466779252.65,115.42,115.45,100,300
2025-11-20T14:50:07.687106,300454.SZ,深信服,115.55,-1.58,40397,467172044.65,115.47,115.56,100,300
2025-11-20T14:50:10.805780,300454.SZ,深信服,115.58,-1.55,40451,467796171.65,115.48,115.58,100,300
2025-11-20T14:50:13.956000,300454.SZ,深信服,115.59,-1.54,40467,467981093.65,115.47,115.59,400,300
2025-11-20T14:50:17.093032,300454.SZ,深信服,115.59,-1.54,40483,468165933.65,115.48,115.57,300,100
2025-11-20T14:50:20.212679,300454.SZ,深信服,115.57,-1.56,40491,468258400.65,115.48,115.6,100,500
2025-11-20T14:50:23.334535,300454.SZ,深信服,115.6,-1.53,40500,468362440.65,115.48,115.6,100,600
2025-11-20T14:50:26.454820,300454.SZ,深信服,115.6,-1.53,40513,468512722.65,115.5,115.6,200,700
2025-11-20T14:50:29.572600,300454.SZ,深信服,115.61,-1.52,40524,468639883.65,115.51,115.61,100,200
2025-11-20T14:50:32.706732,300454.SZ,深信服,115.67,-1.47,40530,468709257.65,115.53,115.65,100,100
2025-11-20T14:50:35.828976,300454.SZ,深信服,115.59,-1.54,40532,468732375.65,115.53,115.58,700,100
2025-11-20T14:50:38.952002,300454.SZ,深信服,115.6,-1.53,40539,468813272.65,115.54,115.6,100,200
2025-11-20T14:50:42.070739,300454.SZ,深信服,115.61,-1.52,40544,468871072.65,115.54,115.64,200,200
2025-11-20T14:50:45.231856,300454.SZ,深信服,115.54,-1.58,40563,469090593.65,115.51,115.54,200,400
2025-11-20T14:50:48.360363,300454.SZ,深信服,115.54,-1.58,40566,469125249.65,115.5,115.54,100,300
2025-11-20T14:50:51.491435,300454.SZ,深信服,115.48,-1.64,40570,469171455.65,115.48,115.54,100,400
2025-11-20T14:50:54.622913,300454.SZ,深信服,115.51,-1.61,40578,469263874.65,115.47,115.51,200,100
2025-11-20T14:50:57.750347,300454.SZ,深信服,115.51,-1.61,40578,469263874.65,115.48,115.5,100,100
2025-11-20T14:51:00.893544,300454.SZ,深信服,115.4,-1.7,40600,469517787.65,115.41,115.49,200,200
2025-11-20T14:51:04.015243,300454.SZ,深信服,115.49,-1.63,40607,469598618.65,115.48,115.5,100,200
2025-11-20T14:51:07.134619,300454.SZ,深信服,115.5,-1.62,40608,469610168.65,115.48,115.5,100,100
2025-11-20T14:51:10.262560,300454.SZ,深信服,115.5,-1.62,40625,469806591.65,115.47,115.6,100,600
2025-11-20T14:51:13.392058,300454.SZ,深信服,115.54,-1.58,40636,469933581.65,115.37,115.54,200,200
2025-11-20T14:51:16.542350,300454.SZ,深信服,115.54,-1.58,40636,469933581.65,115.38,115.54,200,200
2025-11-20T14:51:19.660681,300454.SZ,深信服,115.37,-1.73,40640,469979731.65,115.39,115.5,100,500
2025-11-20T14:51:22.784663,300454.SZ,深信服,115.54,-1.58,40653,470129859.65,115.5,115.6,100,800
2025-11-20T14:51:25.976359,300454.SZ,深信服,115.6,-1.53,40708,470765440.65,115.42,115.6,300,400
2025-11-20T14:51:29.100502,300454.SZ,深信服,115.63,-1.51,40715,470846369.65,115.44,115.54,200,1000
2025-11-20T14:51:32.228369,300454.SZ,深信服,115.64,-1.5,40729,471008165.65,115.45,115.64,200,300
2025-11-20T14:51:35.362818,300454.SZ,深信服,115.53,-1.59,40733,471054377.65,115.45,115.53,300,100
2025-11-20T14:51:38.482672,300454.SZ,深信服,115.5,-1.62,40735,471077477.65,115.46,115.53,300,100
2025-11-20T14:51:41.607773,300454.SZ,深信服,115.64,-1.5,40740,471135283.65,115.51,115.62,100,200
2025-11-20T14:51:44.730054,300454.SZ,深信服,115.53,-1.59,40742,471158389.65,115.51,115.62,600,300
2025-11-20T14:51:47.849779,300454.SZ,深信服,115.6,-1.53,40749,471239263.65,115.51,115.6,100,1400
2025-11-20T14:51:50.973412,300454.SZ,深信服,115.6,-1.53,40761,471377957.65,115.47,115.6,300,700
2025-11-20T14:51:54.105578,300454.SZ,深信服,115.59,-1.54,40763,471401075.65,115.47,115.59,300,800
2025-11-20T14:51:57.252974,300454.SZ,深信服,115.59,-1.54,40793,471747879.65,115.48,115.61,300,100
2025-11-20T14:52:00.372496,300454.SZ,深信服,115.63,-1.51,40826,472128940.65,115.52,115.63,100,100
2025-11-20T14:52:03.488814,300454.SZ,深信服,115.6,-1.53,40837,472256139.65,115.52,115.61,300,200
2025-11-20T14:52:06.627122,300454.SZ,深信服,115.63,-1.51,40845,472348628.65,115.52,115.63,700,300
2025-11-20T14:52:09.745814,300454.SZ,深信服,115.65,-1.49,40854,472452702.65,115.53,115.65,200,300
2025-11-20T14:52:12.866443,300454.SZ,深信服,115.65,-1.49,40881,472764769.65,115.55,115.65,100,200
2025-11-20T14:52:16.025319,300454.SZ,深信服,115.67,-1.47,40887,472834165.65,115.55,115.67,600,300
2025-11-20T14:52:19.167121,300454.SZ,深信服,115.51,-1.61,40953,473597191.65,115.5,115.68,100,3700
2025-11-20T14:52:22.316588,300454.SZ,深信服,115.67,-1.47,40982,473932572.65,115.45,115.67,900,100
2025-11-20T14:52:25.438857,300454.SZ,深信服,115.68,-1.47,40998,474117555.65,115.46,115.67,200,300
2025-11-20T14:52:28.579056,300454.SZ,深信服,115.47,-1.64,41008,474233171.65,115.46,115.62,500,100
2025-11-20T14:52:31.699846,300454.SZ,深信服,115.47,-1.64,41008,474233171.65,115.46,115.62,500,100
2025-11-20T14:52:34.841639,300454.SZ,深信服,115.42,-1.69,41026,474440992.65,115.4,115.57,200,800
2025-11-20T14:52:37.965565,300454.SZ,深信服,115.6,-1.53,41031,474498776.65,115.41,115.54,100,300
2025-11-20T14:52:41.088237,300454.SZ,深信服,115.57,-1.56,41037,474568108.65,115.42,115.57,200,400
2025-11-20T14:52:44.268577,300454.SZ,深信服,115.57,-1.56,41096,475249461.65,115.57,115.66,500,1800
2025-11-20T14:52:47.388464,300454.SZ,深信服,115.65,-1.49,41115,475469201.65,115.57,115.66,700,700
2025-11-20T14:52:50.507708,300454.SZ,深信服,115.68,-1.47,41142,475781378.65,115.56,115.66,100,300
2025-11-20T14:52:53.655110,300454.SZ,深信服,115.68,-1.47,41184,476267077.65,115.47,115.68,800,1800
2025-11-20T14:52:56.770832,300454.SZ,深信服,115.68,-1.47,41195,476394325.65,115.47,115.66,1000,400
2025-11-20T14:52:59.896376,300454.SZ,深信服,115.68,-1.47,41207,476533133.65,115.5,115.68,700,1200
2025-11-20T14:53:03.016932,300454.SZ,深信服,115.68,-1.47,41219,476671949.65,115.5,115.68,700,100
2025-11-20T14:53:06.139584,300454.SZ,深信服,115.67,-1.47,41233,476833853.65,115.5,115.67,400,200
2025-11-20T14:53:09.261992,300454.SZ,深信服,115.7,-1.45,41251,477042047.65,115.5,115.68,900,400
2025-11-20T14:53:12.412001,300454.SZ,深信服,115.69,-1.46,41260,477146168.65,115.51,115.69,200,100
2025-11-20T14:53:15.540220,300454.SZ,深信服,115.51,-1.61,41261,477157719.65,115.52,115.68,300,100
2025-11-20T14:53:18.658979,300454.SZ,深信服,115.53,-1.59,41263,477180825.65,115.52,115.68,300,200
2025-11-20T14:53:21.789220,300454.SZ,深信服,115.68,-1.47,41266,477215529.65,115.52,115.66,300,100
2025-11-20T14:53:24.926460,300454.SZ,深信服,115.52,-1.6,41270,477261737.65,115.51,115.66,300,100
2025-11-20T14:53:28.048224,300454.SZ,深信服,115.67,-1.47,41272,477284870.65,115.51,115.68,300,100
2025-11-20T14:53:31.184304,300454.SZ,深信服,115.68,-1.47,41278,477354278.65,115.51,115.68,400,500
2025-11-20T14:53:34.307688,300454.SZ,深信服,115.68,-1.47,41278,477354278.65,115.51,115.68,400,800
2025-11-20T14:53:37.453760,300454.SZ,深信服,115.66,-1.48,41293,477527673.65,115.52,115.66,600,800
2025-11-20T14:53:40.579966,300454.SZ,深信服,115.59,-1.54,41302,477631760.65,115.52,115.67,500,200
2025-11-20T14:53:43.710580,300454.SZ,深信服,115.54,-1.58,41332,477978518.65,115.57,115.7,400,5100
2025-11-20T14:53:46.866555,300454.SZ,深信服,115.7,-1.45,41385,478591714.65,115.58,115.71,200,2900
2025-11-20T14:53:49.984976,300454.SZ,深信服,115.6,-1.53,41466,479528653.65,115.59,115.6,300,600
2025-11-20T14:53:53.107077,300454.SZ,深信服,115.62,-1.52,41481,479702066.65,115.59,115.62,300,1000
2025-11-20T14:53:56.231423,300454.SZ,深信服,115.62,-1.52,41481,479702066.65,115.59,115.62,300,1000
2025-11-20T14:53:59.352498,300454.SZ,深信服,115.6,-1.53,41509,480025798.65,115.62,115.65,100,100
2025-11-20T14:54:02.467529,300454.SZ,深信服,115.62,-1.52,41512,480060487.65,115.59,115.65,400,100
2025-11-20T14:54:05.584622,300454.SZ,深信服,115.6,-1.53,41518,480129868.65,115.59,115.66,400,600
2025-11-20T14:54:08.748233,300454.SZ,深信服,115.57,-1.56,41528,480245460.65,115.57,115.58,200,1900
2025-11-20T14:54:11.878265,300454.SZ,深信服,115.51,-1.61,41542,480407217.65,115.5,115.53,200,800
2025-11-20T14:54:15.025088,300454.SZ,深信服,115.5,-1.62,41551,480511188.65,115.42,115.5,300,200
2025-11-20T14:54:18.189193,300454.SZ,深信服,115.58,-1.55,41554,480545846.65,115.42,115.55,300,1100
2025-11-20T14:54:21.308383,300454.SZ,深信服,115.42,-1.69,41567,480695972.65,115.41,115.42,100,100
2025-11-20T14:54:24.429678,300454.SZ,深信服,115.53,-1.59,41570,480730609.65,115.41,115.53,100,100
2025-11-20T14:54:27.557713,300454.SZ,深信服,115.53,-1.59,41571,480742162.65,115.42,115.53,100,100
2025-11-20T14:54:30.675497,300454.SZ,深信服,115.42,-1.69,41572,480753704.65,115.41,115.45,100,1500
2025-11-20T14:54:33.794580,300454.SZ,深信服,115.35,-1.75,41579,480834505.65,115.32,115.45,600,1000
2025-11-20T14:54:36.910519,300454.SZ,深信服,115.4,-1.7,41621,481319242.65,115.4,115.45,500,500
2025-11-20T14:54:40.033449,300454.SZ,深信服,115.41,-1.7,41626,481376963.65,115.4,115.45,900,100
2025-11-20T14:54:43.156313,300454.SZ,深信服,115.44,-1.67,41638,481515461.65,115.4,115.44,100,100
2025-11-20T14:54:46.269708,300454.SZ,深信服,115.35,-1.75,41642,481561611.65,115.35,115.44,100,100
2025-11-20T14:54:49.397812,300454.SZ,深信服,115.35,-1.75,41642,481561611.65,115.35,115.43,400,300
2025-11-20T14:54:52.513520,300454.SZ,深信服,115.48,-1.64,41647,481619332.65,115.35,115.4,400,100
2025-11-20T14:54:55.636086,300454.SZ,深信服,115.35,-1.75,41649,481642407.65,115.35,115.52,300,500
2025-11-20T14:54:58.819091,300454.SZ,深信服,115.35,-1.75,41650,481653942.65,115.35,115.52,600,500
2025-11-20T14:55:02.009361,300454.SZ,深信服,115.35,-1.75,41651,481665477.65,115.35,115.51,600,300
2025-11-20T14:55:05.129642,300454.SZ,深信服,115.35,-1.75,41682,482023378.65,115.32,115.51,600,3100
2025-11-20T14:55:08.274583,300454.SZ,深信服,115.51,-1.61,41697,482196621.65,115.34,115.51,300,2100
2025-11-20T14:55:11.399519,300454.SZ,深信服,115.51,-1.61,41711,482358318.65,115.35,115.5,100,300
2025-11-20T14:55:14.533967,300454.SZ,深信服,115.34,-1.75,41748,482785335.65,115.37,115.52,100,500
2025-11-20T14:55:17.656564,300454.SZ,深信服,115.52,-1.6,41755,482866200.65,115.38,115.52,100,200
2025-11-20T14:55:20.788122,300454.SZ,深信服,115.5,-1.62,41759,482912400.65,115.38,115.5,400,100
2025-11-20T14:55:23.906385,300454.SZ,深信服,115.52,-1.6,41762,482947040.65,115.38,115.52,300,200
2025-11-20T14:55:27.026351,300454.SZ,深信服,115.53,-1.59,41782,483178098.65,115.38,115.5,300,400
2025-11-20T14:55:30.141566,300454.SZ,深信服,115.38,-1.72,41810,483501174.65,115.37,115.49,300,300
2025-11-20T14:55:33.260813,300454.SZ,深信服,115.52,-1.6,41826,483685890.65,115.45,115.52,100,800
2025-11-20T14:55:36.391754,300454.SZ,深信服,115.5,-1.62,41836,483801354.65,115.39,115.5,200,100
2025-11-20T14:55:39.514138,300454.SZ,深信服,115.5,-1.62,41841,483859082.65,115.39,115.5,100,5400
2025-11-20T14:55:42.635372,300454.SZ,深信服,115.5,-1.62,41855,484020756.65,115.37,115.5,100,4500
2025-11-20T14:55:45.761221,300454.SZ,深信服,115.5,-1.62,41879,484297700.65,115.37,115.5,100,3800
2025-11-20T14:55:48.891696,300454.SZ,深信服,115.37,-1.73,41880,484309237.65,115.33,115.49,300,100
2025-11-20T14:55:52.016610,300454.SZ,深信服,115.37,-1.73,41902,484563110.65,115.33,115.5,300,3300
2025-11-20T14:55:55.133079,300454.SZ,深信服,115.5,-1.62,41903,484574660.65,115.33,115.39,500,500
2025-11-20T14:55:58.264721,300454.SZ,深信服,115.5,-1.62,41903,484574660.65,115.33,115.39,500,500
2025-11-20T14:56:01.390471,300454.SZ,深信服,115.34,-1.75,41909,484643889.65,115.33,115.49,500,1000
2025-11-20T14:56:04.512657,300454.SZ,深信服,115.4,-1.7,41911,484666978.65,115.33,115.48,700,200
2025-11-20T14:56:07.661663,300454.SZ,深信服,115.33,-1.76,41921,484782402.65,115.37,115.47,600,200
2025-11-20T14:56:10.791787,300454.SZ,深信服,115.33,-1.76,41939,484990067.65,115.36,115.37,100,220
2025-11-20T14:56:13.907498,300454.SZ,深信服,115.33,-1.76,41939,484990067.65,115.36,115.37,100,220
2025-11-20T14:56:17.043043,300454.SZ,深信服,115.37,-1.73,41947,485082362.65,115.33,115.37,1100,220
2025-11-20T14:56:20.162298,300454.SZ,深信服,115.31,-1.78,41972,485370794.05,115.31,115.37,100,200
2025-11-20T14:56:23.278265,300454.SZ,深信服,115.32,-1.77,41980,485463069.05,115.31,115.32,100,600
2025-11-20T14:56:26.398426,300454.SZ,深信服,115.32,-1.77,41983,485497665.05,115.31,115.32,100,300
2025-11-20T14:56:29.516340,300454.SZ,深信服,115.32,-1.77,41988,485555323.05,115.32,115.34,100,500
2025-11-20T14:56:32.638720,300454.SZ,深信服,115.32,-1.77,41991,485589919.05,115.32,115.34,100,500
2025-11-20T14:56:35.767834,300454.SZ,深信服,115.32,-1.77,42011,485820550.05,115.32,115.33,400,700
2025-11-20T14:56:38.893729,300454.SZ,深信服,115.32,-1.77,42017,485889742.05,115.3,115.32,200,300
2025-11-20T14:56:42.018064,300454.SZ,深信服,115.32,-1.77,42043,486189575.05,115.31,115.33,900,600
2025-11-20T14:56:45.137728,300454.SZ,深信服,115.31,-1.78,42054,486316428.05,115.32,115.34,100,400
2025-11-20T14:56:48.284888,300454.SZ,深信服,115.31,-1.78,42061,486397155.05,115.31,115.33,300,400
2025-11-20T14:56:51.405743,300454.SZ,深信服,115.3,-1.79,42068,486477872.05,115.29,115.32,900,100
2025-11-20T14:56:54.535653,300454.SZ,深信服,115.31,-1.78,42071,486512465.05,115.29,115.31,1100,500
2025-11-20T14:56:57.651343,300454.SZ,深信服,115.31,-1.78,42078,486593178.05,115.29,115.32,700,800
2025-11-20T14:57:00.783497,300454.SZ,深信服,115.33,-1.76,42090,486731566.05,115.33,115.34,2800,200
2025-11-20T14:57:03.901801,300454.SZ,深信服,115.33,-1.76,42118,487054490.05,0.0,0.0,0,0
2025-11-20T14:57:07.022788,300454.SZ,深信服,115.33,-1.76,42118,487054490.05,0.0,0.0,0,0
2025-11-20T14:57:10.152511,300454.SZ,深信服,115.33,-1.76,42118,487054490.05,0.0,0.0,0,0
2025-11-20T14:57:13.283815,300454.SZ,深信服,115.33,-1.76,42118,487054490.05,115.29,115.29,900,900
2025-11-20T14:57:16.400405,300454.SZ,深信服,115.33,-1.76,42118,487054490.05,115.29,115.29,900,900
2025-11-20T14:57:19.548688,300454.SZ,深信服,115.33,-1.76,42118,487054490.05,115.29,115.29,900,900
2025-11-20T14:57:22.670426,300454.SZ,深信服,115.33,-1.76,42118,487054490.05,115.29,115.29,1900,1900
2025-11-20T14:57:25.790817,300454.SZ,深信服,115.33,-1.76,42118,487054490.05,115.29,115.29,1900,1900
2025-11-20T14:57:28.984393,300454.SZ,深信服,115.33,-1.76,42118,487054490.05,115.29,115.29,1900,1900
2025-11-20T14:57:32.105437,300454.SZ,深信服,115.33,-1.76,42118,487054490.05,115.28,115.28,2600,2600
2025-11-20T14:57:35.242989,300454.SZ,深信服,115.33,-1.76,42118,487054490.05,115.28,115.28,2600,2600
2025-11-20T14:57:38.363565,300454.SZ,深信服,115.33,-1.76,42118,487054490.05,115.28,115.28,2600,2600
2025-11-20T14:57:41.487127,300454.SZ,深信服,115.33,-1.76,42118,487054490.05,115.28,115.28,4700,4700
2025-11-20T14:57:44.611141,300454.SZ,深信服,115.33,-1.76,42118,487054490.05,115.28,115.28,4700,4700
2025-11-20T14:57:47.757906,300454.SZ,深信服,115.33,-1.76,42118,487054490.05,115.28,115.28,5900,5900
2025-11-20T14:57:50.894412,300454.SZ,深信服,115.33,-1.76,42118,487054490.05,115.28,115.28,5900,5900
2025-11-20T14:57:54.009360,300454.SZ,深信服,115.33,-1.76,42118,487054490.05,115.28,115.28,5900,5900
2025-11-20T14:57:57.129500,300454.SZ,深信服,115.33,-1.76,42118,487054490.05,115.28,115.28,7800,7800
2025-11-20T14:58:00.272927,300454.SZ,深信服,115.33,-1.76,42118,487054490.05,115.28,115.28,7800,7800
2025-11-20T14:58:03.391084,300454.SZ,深信服,115.33,-1.76,42118,487054490.05,115.28,115.28,7800,7800
2025-11-20T14:58:06.513804,300454.SZ,深信服,115.33,-1.76,42118,487054490.05,115.28,115.28,9600,9600
2025-11-20T14:58:09.646853,300454.SZ,深信服,115.33,-1.76,42118,487054490.05,115.28,115.28,9600,9600
2025-11-20T14:58:12.779541,300454.SZ,深信服,115.33,-1.76,42118,487054490.05,115.28,115.28,9600,9600
2025-11-20T14:58:15.897219,300454.SZ,深信服,115.33,-1.76,42118,487054490.05,115.25,115.25,10000,10000
2025-11-20T14:58:19.034325,300454.SZ,深信服,115.33,-1.76,42118,487054490.05,115.25,115.25,10000,10000
2025-11-20T14:58:22.147983,300454.SZ,深信服,115.33,-1.76,42118,487054490.05,115.25,115.25,10000,10000
2025-11-20T14:58:25.308663,300454.SZ,深信服,115.33,-1.76,42118,487054490.05,115.25,115.25,10100,10100
2025-11-20T14:58:28.427901,300454.SZ,深信服,115.33,-1.76,42118,487054490.05,115.25,115.25,10100,10100
2025-11-20T14:58:31.552114,300454.SZ,深信服,115.33,-1.76,42118,487054490.05,115.25,115.25,10100,10100
2025-11-20T14:58:34.669659,300454.SZ,深信服,115.33,-1.76,42118,487054490.05,115.2,115.2,10400,10400
2025-11-20T14:58:37.791548,300454.SZ,深信服,115.33,-1.76,42118,487054490.05,115.2,115.2,10400,10400
2025-11-20T14:58:40.921911,300454.SZ,深信服,115.33,-1.76,42118,487054490.05,115.19,115.19,11300,11300
2025-11-20T14:58:44.046533,300454.SZ,深信服,115.33,-1.76,42118,487054490.05,115.19,115.19,11300,11300
2025-11-20T14:58:47.162780,300454.SZ,深信服,115.33,-1.76,42118,487054490.05,115.19,115.19,11300,11300
2025-11-20T14:58:50.320912,300454.SZ,深信服,115.33,-1.76,42118,487054490.05,115.2,115.2,14000,14000
2025-11-20T14:58:53.442913,300454.SZ,深信服,115.33,-1.76,42118,487054490.05,115.2,115.2,14000,14000
2025-11-20T14:58:56.555682,300454.SZ,深信服,115.33,-1.76,42118,487054490.05,115.2,115.2,14000,14000
2025-11-20T14:58:59.674484,300454.SZ,深信服,115.33,-1.76,42118,487054490.05,115.2,115.2,14000,14000
2025-11-20T14:59:02.793604,300454.SZ,深信服,115.33,-1.76,42118,487054490.05,115.2,115.2,14000,14000
2025-11-20T14:59:05.910039,300454.SZ,深信服,115.33,-1.76,42118,487054490.05,115.2,115.2,14000,14000
2025-11-20T14:59:09.039665,300454.SZ,深信服,115.33,-1.76,42118,487054490.05,115.2,115.2,15800,15800
2025-11-20T14:59:12.183636,300454.SZ,深信服,115.33,-1.76,42118,487054490.05,115.2,115.2,15800,15800
2025-11-20T14:59:15.301821,300454.SZ,深信服,115.33,-1.76,42118,487054490.05,115.2,115.2,15800,15800
2025-11-20T14:59:18.503490,300454.SZ,深信服,115.33,-1.76,42118,487054490.05,115.2,115.2,15800,15800
2025-11-20T14:59:21.622599,300454.SZ,深信服,115.33,-1.76,42118,487054490.05,115.2,115.2,15800,15800
2025-11-20T14:59:24.742028,300454.SZ,深信服,115.33,-1.76,42118,487054490.05,115.2,115.2,15800,15800
2025-11-20T14:59:27.862430,300454.SZ,深信服,115.33,-1.76,42118,487054490.05,115.2,115.2,17300,17300
2025-11-20T14:59:30.990934,300454.SZ,深信服,115.33,-1.76,42118,487054490.05,115.2,115.2,17300,17300
2025-11-20T14:59:34.126736,300454.SZ,深信服,115.33,-1.76,42118,487054490.05,115.2,115.2,17300,17300
2025-11-20T14:59:37.257896,300454.SZ,深信服,115.33,-1.76,42118,487054490.05,115.2,115.2,17900,17900
2025-11-20T14:59:40.372736,300454.SZ,深信服,115.33,-1.76,42118,487054490.05,115.2,115.2,17900,17900
2025-11-20T14:59:43.490230,300454.SZ,深信服,115.33,-1.76,42118,487054490.05,115.2,115.2,17900,17900
2025-11-20T14:59:46.608824,300454.SZ,深信服,115.33,-1.76,42118,487054490.05,115.2,115.2,19500,19500
2025-11-20T14:59:49.735370,300454.SZ,深信服,115.33,-1.76,42118,487054490.05,115.2,115.2,19500,19500
2025-11-20T14:59:52.862954,300454.SZ,深信服,115.33,-1.76,42118,487054490.05,115.2,115.2,19500,19500
2025-11-20T14:59:55.988813,300454.SZ,深信服,115.33,-1.76,42118,487054490.05,115.2,115.2,21300,21300
2025-11-20T14:59:59.115698,300454.SZ,深信服,115.33,-1.76,42118,487054490.05,115.2,115.2,21300,21300
2025-11-20T15:00:02.233450,300454.SZ,深信服,115.33,-1.76,42118,487054490.05,115.2,115.2,21300,21300
2025-11-20T15:00:05.371643,300454.SZ,深信服,115.2,-1.87,42404,490349210.05,115.19,115.2,100,6000
2025-11-20T15:00:08.492037,300454.SZ,深信服,115.2,-1.87,42404,490349210.05,115.19,115.2,100,6000
2025-11-20T15:00:11.615419,300454.SZ,深信服,115.2,-1.87,42404,490349210.05,115.19,115.2,100,6000
2025-11-20T15:00:14.740612,300454.SZ,深信服,115.2,-1.87,42404,490349210.05,115.19,115.2,100,6000
2025-11-20T15:00:17.860866,300454.SZ,深信服,115.2,-1.87,42404,490349210.05,115.19,115.2,100,6000
2025-11-20T15:00:20.977279,300454.SZ,深信服,115.2,-1.87,42404,490349210.05,115.19,115.2,100,6000
2025-11-20T15:00:24.093115,300454.SZ,深信服,115.2,-1.87,42404,490349210.05,115.19,115.2,100,6000
2025-11-20T15:00:27.206913,300454.SZ,深信服,115.2,-1.87,42404,490349210.05,115.19,115.2,100,6000
2025-11-20T15:00:30.350645,300454.SZ,深信服,115.2,-1.87,42404,490349210.05,115.19,115.2,100,6000
2025-11-20T15:00:33.472953,300454.SZ,深信服,115.2,-1.87,42404,490349210.05,115.19,115.2,100,6000
2025-11-20T15:00:36.596230,300454.SZ,深信服,115.2,-1.87,42404,490349210.05,115.19,115.2,100,6000
2025-11-20T15:00:39.717987,300454.SZ,深信服,115.2,-1.87,42404,490349210.05,115.19,115.2,100,6000
2025-11-20T15:00:42.837697,300454.SZ,深信服,115.2,-1.87,42404,490349210.05,115.19,115.2,100,6000
2025-11-20T15:00:45.956063,300454.SZ,深信服,115.2,-1.87,42404,490349210.05,115.19,115.2,100,6000
2025-11-20T15:00:49.077030,300454.SZ,深信服,115.2,-1.87,42404,490349210.05,115.19,115.2,100,6000
2025-11-20T15:00:52.194084,300454.SZ,深信服,115.2,-1.87,42404,490349210.05,115.19,115.2,100,6000
2025-11-20T15:00:55.310496,300454.SZ,深信服,115.2,-1.87,42404,490349210.05,115.19,115.2,100,6000
2025-11-20T15:00:58.429422,300454.SZ,深信服,115.2,-1.87,42404,490349210.05,115.19,115.2,100,6000
2025-11-20T15:01:01.546865,300454.SZ,深信服,115.2,-1.87,42404,490349210.05,115.19,115.2,100,6000
2025-11-20T15:01:04.673294,300454.SZ,深信服,115.2,-1.87,42404,490349210.05,115.19,115.2,100,6000
2025-11-20T15:01:07.791492,300454.SZ,深信服,115.2,-1.87,42404,490349210.05,115.19,115.2,100,6000
2025-11-20T15:01:10.915386,300454.SZ,深信服,115.2,-1.87,42404,490349210.05,115.19,115.2,100,6000
2025-11-20T15:01:14.033364,300454.SZ,深信服,115.2,-1.87,42404,490349210.05,115.19,115.2,100,6000
2025-11-20T15:01:17.163617,300454.SZ,深信服,115.2,-1.87,42404,490349210.05,115.19,115.2,100,6000
